NOUN	NOUN_weight	PROPN	PROPN_weight	VERB	VERB_weight	KeyBert	KeyBert_weight
right	0.27402135231316727	general data protection regulation	0.002541942043721403	rectify	0.058464667005592275	rectify	0.07295373665480427
delay	0.020843924758515507	gdpr	0.02541942043721403	concern	0.02338586680223691	right	0.298932384341637
datum	0.327910523640061	privacy policy	0.00788002033553635	entitle	0.00813421453990849	gdpr	0.028469750889679714
article	0.010676156583629894	terms	0.0035587188612099642	demand	0.013472292831723437	regulation	0.005338078291814947
erasure	0.0711743772241993	eea	0.004829689883070666	accord	0.003050330452465684	data	0.099644128113879
update	0.03863751906456533	personal	0.027452974072191154	delete	0.33248601931875954	incorrect	0.037366548042704624
information	0.38383324860193185	article	0.019572953736654804	update	0.1154041687849517	concern	0.026690391459074734
file	0.004067107269954245	jaumo	0.0038129130655821047	log	0.028469750889679714	16	0.014234875444839857
inaccuracy	0.010421962379257754	id	0.002287747839349263	review	0.029486527707168277	demand	0.021352313167259787
account	0.15327910523640062	lingodeer	0.0012709710218607015	request	0.1916624300965938	article	0.030249110320284697
accordance	0.026182003050330454	livu	0.003050330452465684	correct	0.14082358922216573	protection	0.012455516014234875
art	0.0071174377224199285	profile	0.004321301474326385	base	0.011184544992374174	entitle	0.008896797153024912
game setting	0.002541942043721403	account	0.005083884087442806	follow	0.015251652262328419	datum	0.35765124555160144
section request	0.002541942043721403	metros privacy officer	0.0012709710218607015	load	0.0035587188612099642	personal	0.49466192170818507
user	0.04397559735638028	personal data	0.010421962379257754	store	0.033807829181494664	general	0.0071174377224199285
instruction	0.014234875444839857	european economic area	0.0038129130655821047	remove	0.06075241484494154	delay	0.019572953736654804
rectification	0.05643111337061515	united kingdom	0.0038129130655821047	contact	0.06990340620233859	accord	0.0035587188612099642
removal	0.003050330452465684	switzerland	0.005338078291814947	want	0.03812913065582105	erasure	0.08718861209964412
retention period	0.0012709710218607015	advertising demand partner	0.002541942043721403	modify	0.041179461108286734	delete	0.3683274021352313
data portability	0.0035587188612099642	publisher partner	0.002287747839349263	gather	0.0020335536349771225	update	0.18861209964412812
expiration	0.0017793594306049821	flow	0.0012709710218607015	enforce	0.0035587188612099642	account	0.2117437722419929
data	0.046263345195729534	r2games	0.001525165226232842	erasure	0.012963904422979155	information	0.46441281138790036
accuracy	0.012201321809862735	tandem	0.001525165226232842	access	0.1298932384341637	inaccuracy	0.010676156583629894
owner	0.0033045246568378242	tandems	0.0012709710218607015	ask	0.06761565836298933	request	0.23487544483985764
circumstance	0.02440264361972547	game	0.0012709710218607015	verify	0.014234875444839857	relevant	0.012455516014234875
reason	0.0170310116929334	account settings	0.0010167768174885613	obtain	0.018556176919166244	review	0.04804270462633452
law	0.019827147941026944	mobile war	0.002287747839349263	process	0.03609557702084393	correct	0.20818505338078291
correction	0.03863751906456533	sns	0.003050330452465684	enable	0.005338078291814947	log	0.03202846975088968
deletion obligation	0.0012709710218607015	facebook	0.005083884087442806	continue	0.00788002033553635	file	0.005338078291814947
exception	0.0035587188612099642	personal information	0.009405185561769192	comply	0.010421962379257754	certain	0.05693950177935943
para	0.0035587188612099642	personal data request portal	0.0012709710218607015	exercise	0.013980681240467717	accordance	0.026690391459074734
entry	0.005338078291814947	personal information protection act	0.0012709710218607015	require	0.018810371123538384	art	0.0071174377224199285
application	0.009659379766141332	llc	0.0012709710218607015	erase	0.07803762074224707	privacy	0.026690391459074734
deletion	0.051601423487544484	webmartgroup	0.001525165226232842	object	0.027707168276563294	remove	0.06405693950177936
respect	0.005338078291814947	app	0.0012709710218607015	collect	0.0485510930350788	game	0.021352313167259787
time	0.09862735129639044	european economic area canada costa rica	0.0010167768174885613	apply	0.013980681240467717	user	0.051601423487544484
way	0.008896797153024912	united states	0.0012709710218607015	change	0.0920183019827148	contact	0.08185053380782918
profile	0.021098118962887647	company	0.0010167768174885613	enter	0.005338078291814947	eea	0.005338078291814947
membership	0.0035587188612099642	findnow	0.001525165226232842	provide	0.09150991357397051	setting	0.09786476868327403
user behaviour	0.0012709710218607015	services	0.0035587188612099642	terminate	0.0033045246568378242	policy	0.017793594306049824
termination	0.0017793594306049821	geozilla	0.0012709710218607015	exclude	0.0012709710218607015	store	0.03558718861209965
duration	0.0017793594306049821	data	0.013980681240467717	replace	0.004829689883070666	want	0.03914590747330961
case	0.017793594306049824	healthvault	0.0012709710218607015	email	0.021352313167259787	available	0.012455516014234875
option	0.0071174377224199285	facebook settings	0.0012709710218607015	manage	0.011947127605490595	load	0.0035587188612099642
app setting	0.0012709710218607015	instagram	0.0017793594306049821	delete object	0.004067107269954245	follow	0.014234875444839857
avatar	0.005338078291814947	customer support	0.0010167768174885613	use	0.03177427554651754	section	0.04804270462633452
feature	0.004067107269954245	icbc	0.0012709710218607015	restrict	0.02567361464158617	base	0.012455516014234875
device	0.010421962379257754	imo	0.0017793594306049821	share	0.008896797153024912	modify	0.051601423487544484
photo	0.005846466700559228	personal d	0.000762582613116421	send	0.01728520589730554	rectification	0.06583629893238434
product	0.005338078291814947	keeper security	0.0010167768174885613	hold	0.05388917132689375	use	0.08185053380782918
instance	0.005338078291814947	customer	0.001525165226232842	edit	0.028469750889679714	removal	0.0035587188612099642
service	0.06990340620233859	homer learning	0.0010167768174885613	correct update	0.002541942043721403	gather	0.0035587188612099642
review	0.003050330452465684	tantan	0.0012709710218607015	rely	0.0035587188612099642	expiration	0.0017793594306049821
content	0.00864260294865277	medium	0.001525165226232842	decline	0.0017793594306049821	retention	0.0071174377224199285
request	0.03558718861209965	information	0.00788002033553635	withdraw	0.027452974072191154	access	0.20106761565836298
email	0.026182003050330454	amino	0.002541942043721403	forget	0.011184544992374174	enforce	0.0035587188612099642
app profile page	0.0012709710218607015	nova geims ooo	0.0012709710218607015	opt	0.0017793594306049821	portability	0.008896797153024912
registration account	0.0010167768174885613	eu	0.0010167768174885613	control	0.0035587188612099642	period	0.0017793594306049821
change	0.031011692933401117	uber	0.004575495678698526	process concern	0.0010167768174885613	verify	0.014234875444839857
consent	0.029994916115912557	privacy settings	0.0012709710218607015	complete	0.014489069649211999	accuracy	0.012455516014234875
interest	0.00813421453990849	settings	0.003050330452465684	access modify	0.006354855109303508	ask	0.06761565836298933
profile setting	0.0038129130655821047	doubleugames	0.006100660904931368	sign	0.005083884087442806	owner	0.0035587188612099642
account setting	0.026944585663446874	telegram	0.0012709710218607015	navigate	0.0017793594306049821	obtain	0.019572953736654804
server	0.0071174377224199285	nhn	0.001525165226232842	associate	0.015251652262328419	circumstance	0.02491103202846975
effort	0.004067107269954245	privacy policy administrator	0.0012709710218607015	revise	0.004575495678698526	process	0.04092526690391459
party	0.002287747839349263	twitter	0.002541942043721403	restore	0.0035587188612099642	enable	0.005338078291814947
-url-	0.0071174377224199285	periscope	0.0012709710218607015	instruct	0.003050330452465684	continue	0.008896797153024912
use	0.017793594306049824	yumobi tekhnolodzhi	0.000762582613116421	retain	0.018810371123538384	reason	0.01601423487544484
support account	0.0012709710218607015	neptune	0.001525165226232842	set	0.003050330452465684	good	0.005338078291814947
forum account	0.0012709710218607015	camel games	0.0010167768174885613	like	0.019318759532282664	unlawfully	0.014234875444839857
profile information	0.007625826131164209	dingtone	0.002541942043721403	seek	0.005338078291814947	erase	0.08540925266903915
display	0.0033045246568378242	longyuan network	0.0010167768174885613	write	0.0035587188612099642	require	0.019572953736654804
setting	0.04880528723945094	duolingo	0.0038129130655821047	inform	0.005338078291814947	law	0.019572953736654804
requirement	0.0035587188612099642	flaregames	0.0027961362480935434	wish	0.030249110320284697	local	0.0017793594306049821
dispute	0.0071174377224199285	section	0.0035587188612099642	locate	0.003050330452465684	comply	0.010676156583629894
evidence	0.0017793594306049821	bdsg	0.0035587188612099642	de	0.0012709710218607015	successfully	0.0017793594306049821
freedom	0.0017793594306049821	google	0.003050330452465684	identify	0.006354855109303508	object	0.03558718861209965
expression	0.0017793594306049821	grab	0.0012709710218607015	specify	0.008896797153024912	exercise	0.019572953736654804
detail	0.00864260294865277	contact	0.002541942043721403	register	0.0066090493136756485	correction	0.04448398576512456
access	0.04346720894763599	applicationsor	0.001525165226232842	grant	0.001525165226232842	18	0.0017793594306049821
department	0.0017793594306049821	data protection officer	0.0012709710218607015	destroy	0.0027961362480935434	incomplete	0.05338078291814947
account setting section	0.0038129130655821047	huuugegroup	0.0017793594306049821	access correct	0.0010167768174885613	collect	0.0498220640569395
system	0.014489069649211999	dpo	0.004067107269954245	need	0.014234875444839857	immediately	0.008896797153024912
day	0.0035587188612099642	huuuge games sp	0.0012709710218607015	submit	0.013472292831723437	deletion	0.060498220640569395
basis	0.010930350788002034	huuuges dpo	0.0010167768174885613	disconnect	0.001525165226232842	obligation	0.02491103202846975
association	0.0035587188612099642	mopub services	0.0010167768174885613	possess	0.001525165226232842	exception	0.0035587188612099642
data stock	0.0012709710218607015	information society	0.001525165226232842	receive	0.01601423487544484	apply	0.014234875444839857
person	0.0035587188612099642	member state	0.002541942043721403	contain	0.0071174377224199285	unless	0.017793594306049824
registration	0.00864260294865277	union	0.0035587188612099642	post	0.0035587188612099642	para	0.0035587188612099642
controller	0.011184544992374174	homa	0.0012709710218607015	access update	0.0038129130655821047	17	0.010676156583629894
datum subject	0.001525165226232842	ironhide	0.0012709710218607015	ensure	0.0035587188612099642	irreversibly	0.0017793594306049821
storage obligation	0.0012709710218607015	flash	0.0012709710218607015	supplement	0.013472292831723437	change	0.12099644128113879
data controller	0.005338078291814947	playdemic	0.0027961362480935434	appear	0.0017793594306049821	entry	0.005338078291814947
addition	0.009405185561769192	tgtg account	0.002287747839349263	uninstall	0.0017793594306049821	insofar	0.0035587188612099642
indication	0.0017793594306049821	tgtg platform	0.0010167768174885613	stop	0.004829689883070666	previously	0.010676156583629894
controller rectification	0.0012709710218607015	picsart service	0.0010167768174885613	delete restrict	0.0012709710218607015	enter	0.005338078291814947
processing	0.04016268429079817	netflix	0.003050330452465684	download	0.0033045246568378242	old	0.0035587188612099642
restriction	0.010167768174885612	metro	0.0012709710218607015	edit hide	0.0012709710218607015	completely	0.0071174377224199285
existence	0.0017793594306049821	huuuge	0.0010167768174885613	amend	0.01652262328418912	provide	0.09252669039145907
data subject	0.002541942043721403	privacy	0.005592272496187087	reach	0.003050330452465684	necessary	0.037366548042704624
employee	0.0017793594306049821	keep id	0.0002541942043721403	block	0.0035587188612099642	application	0.012455516014234875
ground	0.012455516014234875	keep	0.0002541942043721403	oppose	0.006354855109303508	respect	0.005338078291814947
legislator	0.0017793594306049821	contact us	0.0002541942043721403	access edit	0.006354855109303508	jaumo	0.005338078291814947
obligation	0.019827147941026944	mopub	0.000762582613116421	include	0.015251652262328419	inaccurate	0.07829181494661921
profile page	0.005083884087442806	partner	0.0012709710218607015	view update	0.0038129130655821047	notwithstanding	0.0035587188612099642
application setting menu	0.0012709710218607015	advertising demand	0.0002541942043721403	export	0.0017793594306049821	time	0.09608540925266904
purpose	0.02440264361972547	tgtg	0.0017793594306049821	describe	0.0035587188612099642	easy	0.0035587188612099642
block	0.0071174377224199285	picsart	0.000762582613116421	place delete	0.0012709710218607015	way	0.008896797153024912
date	0.01652262328418912	protection	0.0020335536349771225	include disassociate	0.0012709710218607015	profile	0.051601423487544484
email address	0.00864260294865277	regulation	0.0010167768174885613	note	0.01677681748856126	terminate	0.0035587188612099642
account information	0.008896797153024912	general	0.0010167768174885613	lose	0.001525165226232842	membership	0.0035587188612099642
answer	0.0033045246568378242	policy	0.004067107269954245	mail	0.003050330452465684	entire	0.005338078291814947
registration information	0.0012709710218607015	officer	0.0010167768174885613	resolve	0.0035587188612099642	finally	0.0017793594306049821
power	0.0017793594306049821	european	0.0020335536349771225	conduct	0.0017793594306049821	termination	0.0017793594306049821
technology	0.0017793594306049821	economic	0.0020335536349771225	confirm	0.0017793594306049821	exclude	0.0017793594306049821
change update	0.002541942043721403	area	0.0020335536349771225	achieve	0.0017793594306049821	duration	0.0017793594306049821
contact information	0.006100660904931368	united	0.0020335536349771225	determine	0.0017793594306049821	statistical	0.0017793594306049821
cookie	0.0035587188612099642	kingdom	0.001525165226232842	notify	0.0066090493136756485	previous	0.0017793594306049821
copy	0.004829689883070666	publisher	0.0010167768174885613	offer	0.003050330452465684	behaviour	0.0017793594306049821
method	0.0035587188612099642	advertising	0.0010167768174885613	continue process	0.0010167768174885613	anonymous	0.005338078291814947
edit	0.0017793594306049821	demand	0.0010167768174885613	strive	0.0035587188612099642	irrespective	0.0017793594306049821
app	0.034316217590238944	mobile	0.0010167768174885613	review edit	0.0038129130655821047	option	0.0071174377224199285
customer support	0.001525165226232842	war	0.0010167768174885613	connect	0.0035587188612099642	case	0.017793594306049824
transformation	0.0035587188612099642	portal	0.0005083884087442806	select remove	0.0012709710218607015	avatar	0.005338078291814947
proof	0.0033045246568378242	request	0.0005083884087442806	keep	0.005338078291814947	app	0.04092526690391459
authority	0.0017793594306049821	act	0.0005083884087442806	believe	0.01753940010167768	replace	0.005338078291814947
page	0.014489069649211999	canada	0.0005083884087442806	access rectify	0.0038129130655821047	email	0.07295373665480427
/settings	0.001525165226232842	costa	0.0005083884087442806	help	0.0035587188612099642	emailto	0.0017793594306049821
/support	0.001525165226232842	rica	0.0005083884087442806	automate	0.003050330452465684	device	0.010676156583629894
contact detail	0.0038129130655821047	states	0.0005083884087442806	desire	0.0068632435180477885	feature	0.005338078291814947
heading	0.001525165226232842	support	0.0005083884087442806	make	0.012963904422979155	manage	0.012455516014234875
situation	0.004575495678698526	d	0.0005083884087442806	close	0.0068632435180477885	service	0.07473309608540925
user id number	0.0010167768174885613	keeper	0.0005083884087442806	cancel	0.0017793594306049821	id	0.0071174377224199285
mail address	0.0010167768174885613	security	0.0005083884087442806	renew	0.0017793594306049821	photo	0.0071174377224199285
line	0.0017793594306049821	homer	0.0005083884087442806	relate	0.009913573970513472	product	0.005338078291814947
body	0.0017793594306049821	learning	0.0005083884087442806	go	0.007625826131164209	instance	0.0035587188612099642
game	0.013218098627351297	nova	0.0005083884087442806	try	0.001525165226232842	entirely	0.0017793594306049821
step	0.0035587188612099642	geims	0.0005083884087442806	add update	0.0017793594306049821	content	0.008896797153024912
future	0.0017793594306049821	ooo	0.0005083884087442806	explain	0.00864260294865277	accurate	0.010676156583629894
item	0.0017793594306049821	administrator	0.0005083884087442806	gather edit add	0.0012709710218607015	complete	0.021352313167259787
progress	0.0017793594306049821	tekhnolodzhi	0.0005083884087442806	let	0.0035587188612099642	applicable	0.021352313167259787
business interest	0.002541942043721403	yumobi	0.0005083884087442806	consent	0.0035587188612099642	make	0.037366548042704624
agreement	0.0017793594306049821	camel	0.0005083884087442806	learn	0.005338078291814947	possible	0.008896797153024912
object	0.00864260294865277	games	0.0010167768174885613	visit	0.010421962379257754	restrict	0.033807829181494664
correction addition	0.0012709710218607015	longyuan	0.0005083884087442806	recover	0.0017793594306049821	share	0.008896797153024912
customer	0.009405185561769192	network	0.0005083884087442806	obligate	0.003050330452465684	send	0.017793594306049824
investigation	0.0017793594306049821	sp	0.0005083884087442806	rectify erase	0.0012709710218607015	hold	0.05693950177935943
company	0.005338078291814947	huuuges	0.0005083884087442806	allow	0.0068632435180477885	edit	0.04804270462633452
extent	0.0035587188612099642	member	0.0010167768174885613	review update	0.006354855109303508	page	0.028469750889679714
substance	0.0035587188612099642	state	0.0010167768174885613	select	0.0038129130655821047	lingodeer	0.0017793594306049821
effect	0.004067107269954245	society	0.0005083884087442806	deactivate	0.005338078291814947	registration	0.012455516014234875
result	0.0017793594306049821	platform	0.0005083884087442806	indicate	0.0017793594306049821	long	0.051601423487544484
support form	0.0012709710218607015	service	0.0005083884087442806	maintain	0.005338078291814947	consent	0.03202846975088968
age	0.005338078291814947			view	0.010167768174885612	withdraw	0.028469750889679714
ability	0.0071174377224199285			click	0.005083884087442806	legitimate	0.021352313167259787
website	0.01728520589730554			find	0.0035587188612099642	rely	0.0035587188612099642
restrict limit	0.0012709710218607015			consult	0.0017793594306049821	decline	0.0017793594306049821
business	0.006100660904931368			know	0.0017793594306049821	forget	0.014234875444839857
profile section	0.0038129130655821047			customize	0.0017793594306049821	livu	0.0035587188612099642
app section	0.0012709710218607015			outline	0.001525165226232842	opt	0.0017793594306049821
section	0.029486527707168277			correct delete	0.002541942043721403	control	0.010676156583629894
writing	0.001525165226232842			substantiate	0.001525165226232842	anytime	0.005338078291814947
updating	0.001525165226232842			guarantee	0.001525165226232842	server	0.0071174377224199285
tool	0.007625826131164209			requests	0.0012709710218607015	reasonable	0.0035587188612099642
rectification deletion	0.002541942043721403			override	0.004829689883070666	commercially	0.0035587188612099642
end	0.0035587188612099642			reque	0.0012709710218607015	effort	0.005338078291814947
datum datum portability	0.0012709710218607015			access read preserve	0.0012709710218607015	responsible	0.0035587188612099642
datum objection	0.0012709710218607015			disclose	0.0017793594306049821	vis	0.0017793594306049821
decision making	0.0010167768174885613			s	0.0010167768174885613	party	0.0035587188612099642
file erasure	0.0012709710218607015			fix	0.0035587188612099642	url	0.008896797153024912
data rectification	0.0012709710218607015			add	0.008896797153024912	navigate	0.0017793594306049821
summary	0.0017793594306049821			vary base	0.0010167768174885613	sign	0.005338078291814947
record	0.010676156583629894			disclaim	0.0017793594306049821	associate	0.01601423487544484
profiling	0.002541942043721403			arise	0.0017793594306049821	subject	0.01601423487544484
mistake	0.0017793594306049821			limit	0.0035587188612099642	forum	0.0035587188612099642
relation	0.010676156583629894			create	0.005338078291814947	support	0.017793594306049824
transfer	0.0017793594306049821			proceed	0.001525165226232842	emailwith	0.0035587188612099642
member information page	0.0012709710218607015			correspond	0.002541942043721403	revise	0.005338078291814947
child	0.010676156583629894			login	0.0035587188612099642	restore	0.0035587188612099642
correction update amendment	0.0012709710218607015			complete include	0.0010167768174885613	display	0.0035587188612099642
jurisdiction	0.0017793594306049821			review delete	0.002541942043721403	easily	0.0035587188612099642
confirmation	0.004575495678698526			attempt	0.0017793594306049821	instruct	0.0035587188612099642
form	0.0017793594306049821			accommodate	0.0017793594306049821	legal	0.037366548042704624
individual	0.0017793594306049821			say	0.0012709710218607015	dispute	0.005338078291814947
modification	0.005338078291814947			present	0.001525165226232842	retain	0.017793594306049824
functionality	0.004829689883070666			update amend	0.0012709710218607015	requirement	0.0035587188612099642
compliance	0.008896797153024912			correct amend	0.0012709710218607015	public	0.0017793594306049821
provision	0.005338078291814947			complete correct	0.0012709710218607015	evidence	0.0017793594306049821
order	0.005338078291814947			prevent	0.0017793594306049821	expression	0.0017793594306049821
permission	0.0035587188612099642			exist	0.003050330452465684	freedom	0.0017793594306049821
parent	0.0071174377224199285			give	0.004575495678698526	following	0.019572953736654804
account information update	0.0012709710218607015			record	0.0017793594306049821	lastly	0.0017793594306049821
login	0.0017793594306049821			modify update	0.0012709710218607015	metro	0.0017793594306049821
demand	0.002287747839349263			place	0.002287747839349263	metros	0.0017793594306049821
discretion	0.0035587188612099642			accessor request	0.0012709710218607015	officer	0.0035587188612099642
viii	0.0017793594306049821			corrector update	0.0012709710218607015	department	0.0017793594306049821
paragraph	0.0017793594306049821			designate	0.0010167768174885613	seek	0.005338078291814947
setting section	0.0038129130655821047			access restrict	0.0012709710218607015	set	0.0035587188612099642
health care professional	0.0012709710218607015			live	0.0017793594306049821	like	0.019572953736654804
health datum	0.0012709710218607015			cease	0.0033045246568378242	write	0.0035587188612099642
family caregiver	0.0012709710218607015			affect	0.0033045246568378242	directly	0.030249110320284697
processing activity	0.002541942043721403			produce	0.0017793594306049821	unable	0.0035587188612099642
rectify port	0.0012709710218607015			demonstrate	0.0017793594306049821	inform	0.005338078291814947
status update	0.0012709710218607015			take	0.0020335536349771225	wish	0.030249110320284697
thing	0.0017793594306049821			carry	0.0017793594306049821	locate	0.0035587188612099642
menu	0.005846466700559228			authorise	0.001525165226232842	identify	0.0071174377224199285
control	0.0071174377224199285			transmit	0.0017793594306049821	switzerland	0.005338078291814947
setting page	0.002287747839349263			suspend	0.0017793594306049821	european	0.008896797153024912
privacy	0.0038129130655821047			disable	0.0017793594306049821	kingdom	0.005338078291814947
identity	0.0017793594306049821			reference	0.001525165226232842	30	0.0035587188612099642
area	0.0017793594306049821			correct erase restrict	0.0012709710218607015	basis	0.008896797153024912
outlet	0.0017793594306049821			investigate	0.0017793594306049821	area	0.0071174377224199285
imo chat history	0.0012709710218607015			play	0.0017793594306049821	day	0.0035587188612099642
chat history	0.0010167768174885613			choose	0.0035587188612099642	economic	0.005338078291814947
imo account	0.0010167768174885613			list	0.003050330452465684	united	0.005338078291814947
rectification erasure	0.0012709710218607015			update edit	0.0012709710218607015	publisher	0.005338078291814947
limitation	0.0017793594306049821			transfer	0.0017793594306049821	advertising	0.005338078291814947
portability	0.004321301474326385			anonymise	0.0017793594306049821	association	0.0035587188612099642
support	0.005338078291814947			occur	0.0017793594306049821	partner	0.005338078291814947
error	0.005338078291814947			vary	0.002541942043721403	register	0.0071174377224199285
collection	0.0035587188612099642			rate	0.0017793594306049821	controller	0.017793594306049824
guardian	0.0017793594306049821			e	0.000762582613116421	specify	0.008896797153024912
service support	0.0012709710218607015			see	0.0020335536349771225	free	0.0017793594306049821
nickname profile photo signature job	0.0012709710218607015			-url- sign	0.0002541942043721403	person	0.0035587188612099642
address information interest question	0.0012709710218607015			stop use	0.0005083884087442806	stock	0.0017793594306049821
approach	0.005338078291814947			supplement cancelled update	0.0002541942043721403	storage	0.0035587188612099642
clause	0.005338078291814947			heading	0.0002541942043721403	statutory	0.0035587188612099642
violation	0.0017793594306049821			rectify see	0.000762582613116421	indication	0.0017793594306049821
format	0.004829689883070666			apply see	0.0010167768174885613	shall	0.008896797153024912
origin	0.0017793594306049821			correct update amend	0.0002541942043721403	addition	0.010676156583629894
treatment	0.0017793594306049821			collect regard	0.0002541942043721403	restriction	0.010676156583629894
policy	0.0035587188612099642			regard	0.000762582613116421	processing	0.04448398576512456
interest page	0.0012709710218607015			setting	0.0002541942043721403	existence	0.0017793594306049821
correcting	0.0012709710218607015			put	0.0002541942043721403	employee	0.0017793594306049821
review update	0.0012709710218607015			supplement cancelled	0.0002541942043721403	legislator	0.0017793594306049821
tab	0.001525165226232842			access correcting	0.0002541942043721403	undue	0.012455516014234875
nature	0.0017793594306049821			correct update delete	0.0002541942043721403	grant	0.0017793594306049821
data retention timeline	0.0010167768174885613			long desire	0.0002541942043721403	destroy	0.0035587188612099642
assistance	0.001525165226232842			reserve	0.000762582613116421	need	0.014234875444839857
data protection regulation	0.0012709710218607015			please note	0.000762582613116421	submit	0.014234875444839857
database	0.0017793594306049821			become	0.0005083884087442806	disconnect	0.0017793594306049821
mail	0.002541942043721403			corresponding	0.0002541942043721403	flow	0.0017793594306049821
business purpose	0.0038129130655821047			mean	0.0002541942043721403	menu	0.0071174377224199285
deletion request	0.0012709710218607015			move	0.0002541942043721403	possess	0.0017793594306049821
access correction	0.0012709710218607015			hide	0.0005083884087442806	outdated	0.010676156583629894
account profile	0.0012709710218607015			disassociate	0.0005083884087442806	block	0.008896797153024912
delivery recipient	0.0012709710218607015			read	0.0005083884087442806	receive	0.01601423487544484
delivery partner	0.0012709710218607015			accessor	0.0005083884087442806	purpose	0.028469750889679714
rider	0.0017793594306049821			corrector	0.0005083884087442806	independently	0.005338078291814947
driver	0.0017793594306049821			preserve	0.0002541942043721403	true	0.005338078291814947
phone number	0.0010167768174885613					contain	0.0071174377224199285
number	0.0027961362480935434					date	0.017793594306049824
court order	0.0012709710218607015					address	0.026690391459074734
interaction	0.0071174377224199285					post	0.0035587188612099642
liability	0.0017793594306049821					answer	0.0035587188612099642
destruction	0.0017793594306049821					r2games	0.0017793594306049821
establishment exercise	0.0038129130655821047					technology	0.0017793594306049821
claim	0.0071174377224199285					power	0.0017793594306049821
defense	0.005338078291814947					ensure	0.0035587188612099642
help service	0.0012709710218607015					appropriate	0.0035587188612099642
message	0.0017793594306049821					additional	0.008896797153024912
game id	0.0010167768174885613					supplement	0.012455516014234875
personal information	0.0020335536349771225					irrelevant	0.0017793594306049821
deactivation page	0.002541942043721403					appear	0.0017793594306049821
site	0.0038129130655821047					uninstall	0.0017793594306049821
faith effort	0.0012709710218607015					cookie	0.0035587188612099642
possession	0.0017793594306049821					stop	0.005338078291814947
transparency	0.0017793594306049821					aware	0.005338078291814947
correction deletion	0.0012709710218607015					copy	0.0035587188612099642
account feature	0.0012709710218607015					method	0.0035587188612099642
privacy setting	0.002541942043721403					download	0.0035587188612099642
ooo	0.001525165226232842					permanently	0.005338078291814947
member	0.005846466700559228					tandem	0.0017793594306049821
procedure	0.0017793594306049821					hide	0.0017793594306049821
data section	0.0012709710218607015					tandems	0.0017793594306049821
statement	0.0017793594306049821					customer	0.014234875444839857
mean	0.003050330452465684					amend	0.021352313167259787
example	0.005083884087442806					reach	0.0035587188612099642
deletion function	0.0012709710218607015					respective	0.0017793594306049821
amend	0.0012709710218607015					cancelled	0.0035587188612099642
address	0.012963904422979155					format	0.005338078291814947
question	0.004067107269954245					transformation	0.0017793594306049821
support channel	0.0012709710218607015					oppose	0.005338078291814947
studio	0.0017793594306049821					authority	0.0017793594306049821
ticket	0.0017793594306049821					settings	0.0071174377224199285
machine	0.003050330452465684					proof	0.0035587188612099642
restrict	0.002287747839349263					heading	0.0017793594306049821
user preference	0.0010167768174885613					include	0.014234875444839857
registration profile	0.0012709710218607015					able	0.012455516014234875
portion	0.0035587188612099642					ve	0.010676156583629894
software	0.0017793594306049821					view	0.014234875444839857
-urlto	0.0017793594306049821					export	0.0017793594306049821
game app	0.0012709710218607015					situation	0.0035587188612099642
user request	0.0012709710218607015					sns	0.0035587188612099642
operation	0.0017793594306049821					mobile	0.0071174377224199285
retention obligation	0.0012709710218607015					war	0.0035587188612099642
information society	0.0010167768174885613					mail	0.008896797153024912
rectification erasure portability	0.0012709710218607015					body	0.0017793594306049821
blocking	0.0017793594306049821					number	0.005338078291814947
year	0.0017793594306049821					line	0.0017793594306049821
username password email address	0.0012709710218607015					place	0.0035587188612099642
website account	0.0012709710218607015					disassociate	0.0017793594306049821
game forum	0.0012709710218607015					facebook	0.0071174377224199285
rectification update	0.0012709710218607015					step	0.0035587188612099642
amendment	0.002287747839349263					lose	0.0017793594306049821
source	0.0017793594306049821					virtual	0.0017793594306049821
notification	0.0017793594306049821					progress	0.0017793594306049821
term	0.0017793594306049821					future	0.0017793594306049821
support team	0.002541942043721403					item	0.0017793594306049821
link	0.004067107269954245					unused	0.0017793594306049821
privacy matter	0.0012709710218607015					note	0.017793594306049824
data protection	0.0012709710218607015					resolve	0.0017793594306049821
data protection issue	0.0012709710218607015					business	0.010676156583629894
contact	0.006354855109303508					agreement	0.0017793594306049821
account tool	0.0012709710218607015					portal	0.0035587188612099642
publisher partner	0.0012709710218607015					pursuant	0.008896797153024912
advertising demand portal	0.0010167768174885613					company	0.005338078291814947
account deletion	0.0012709710218607015					conduct	0.0017793594306049821
publisher	0.002541942043721403					confirm	0.0017793594306049821
account holder	0.0012709710218607015					investigation	0.0017793594306049821
family plan	0.0012709710218607015					act	0.0017793594306049821
s	0.001525165226232842					determine	0.0017793594306049821
offer	0.0017793594306049821					notify	0.0071174377224199285
part	0.002287747839349263					result	0.0017793594306049821
user license	0.0012709710218607015					effect	0.0035587188612099642
withdrawal	0.003050330452465684					substance	0.0017793594306049821
lawfulness	0.0017793594306049821					llc	0.0017793594306049821
storage deletion	0.0012709710218607015					webmartgroup	0.0017793594306049821
communication	0.0017793594306049821					furthermore	0.0071174377224199285
death	0.0017793594306049821					ground	0.005338078291814947
datum processing activity	0.0012709710218607015					online	0.008896797153024912
decision	0.0012709710218607015					age	0.005338078291814947
contract	0.0035587188612099642					form	0.0035587188612099642
place	0.0012709710218607015					website	0.019572953736654804
impact	0.0012709710218607015					offer	0.0035587188612099642
browser add	0.0010167768174885613					ability	0.0071174377224199285
web site	0.0012709710218607015					limit	0.005338078291814947
on	0.0012709710218607015					wrong	0.005338078291814947
manufacturer	0.0017793594306049821					compelling	0.0035587188612099642
range	0.0035587188612099642					alternatively	0.0017793594306049821
concern	0.0017793594306049821					justified	0.0017793594306049821
information information	0.0012709710218607015					quickly	0.0035587188612099642
mail preference page	0.0010167768174885613					strive	0.0035587188612099642
party application	0.0012709710218607015					connect	0.0035587188612099642
data retention	0.0012709710218607015					select	0.005338078291814947
performance	0.0033045246568378242					10	0.008896797153024912
location information	0.0012709710218607015					writing	0.0017793594306049821
website link	0.0010167768174885613					updating	0.0017793594306049821
data protection right	0.0012709710218607015					believe	0.017793594306049824
privacy preference	0.0012709710218607015					soon	0.005338078291814947
choice	0.0017793594306049821					tool	0.008896797153024912
drawer	0.0017793594306049821					help	0.005338078291814947
tax audit	0.0012709710218607015					entitled	0.0071174377224199285
accounting obligation	0.0012709710218607015					end	0.0035587188612099642
fraud prevention	0.0012709710218607015					transfer	0.0035587188612099642
issue	0.002287747839349263					record	0.012455516014234875
credit	0.0017793594306049821					decision	0.0017793594306049821
security	0.0017793594306049821					mistake	0.0017793594306049821
period	0.002287747839349263					objection	0.0017793594306049821
deactivation	0.0027961362480935434					profiling	0.0017793594306049821
payment information	0.0012709710218607015					automate	0.0017793594306049821
iii	0.0005083884087442806					summary	0.0017793594306049821
e	0.0012709710218607015					identifiable	0.023131672597864767
charge	0.0012709710218607015					member	0.008896797153024912
accord	0.0005083884087442806					personally	0.019572953736654804
log	0.0033045246568378242					child	0.010676156583629894
store	0.000762582613116421					desire	0.0071174377224199285
base user	0.0005083884087442806					close	0.0071174377224199285
process	0.001525165226232842					jurisdiction	0.0017793594306049821
gdpr apply	0.0002541942043721403					confirmation	0.005338078291814947
datum store	0.0002541942043721403					individual	0.0017793594306049821
datum collect	0.0005083884087442806					amendment	0.0035587188612099642
name	0.0010167768174885613					canada	0.0017793594306049821
-emailto	0.0002541942043721403					rica	0.0017793594306049821
email request	0.0002541942043721403					states	0.0017793594306049821
datum concern	0.000762582613116421					modification	0.005338078291814947
datum process concern	0.0002541942043721403					functionality	0.005338078291814947
display name	0.0002541942043721403					physically	0.0017793594306049821
data hold	0.0002541942043721403					provision	0.005338078291814947
datum hold	0.000762582613116421					compliance	0.008896797153024912
grant	0.0002541942043721403					parent	0.0071174377224199285
submit datum	0.0002541942043721403					permission	0.0035587188612099642
information hold	0.0002541942043721403					cancel	0.0017793594306049821
service change	0.000762582613116421					regard	0.005338078291814947
mobile game	0.0002541942043721403					order	0.0071174377224199285
mobile device	0.0002541942043721403					login	0.005338078291814947
customer request	0.0002541942043721403					findnow	0.0017793594306049821
information base	0.0002541942043721403					renew	0.0017793594306049821
datum process	0.0005083884087442806					invalid	0.0017793594306049821
llc	0.0002541942043721403					discretion	0.0035587188612099642
contact support	0.0002541942043721403					relate	0.008896797153024912
automate decision making	0.0002541942043721403					services	0.0071174377224199285
services	0.000762582613116421					iv	0.0017793594306049821
chat history store	0.0002541942043721403					paragraph	0.0017793594306049821
information change	0.0002541942043721403					iii	0.0017793594306049821
side	0.0002541942043721403					viii	0.0017793594306049821
profile photo	0.0002541942043721403					clearly	0.0017793594306049821
information process	0.0002541942043721403					try	0.0017793594306049821
datum retain	0.0002541942043721403					geozilla	0.0017793594306049821
profile tab	0.0002541942043721403					add	0.014234875444839857
top	0.0002541942043721403					explain	0.008896797153024912
click	0.0002541942043721403					healthvault	0.0017793594306049821
email -email-	0.0002541942043721403					health	0.0017793594306049821
datum associate	0.0002541942043721403					care	0.0017793594306049821
data retention timeline outline	0.0002541942043721403					caregiver	0.0017793594306049821
law base	0.0002541942043721403					professional	0.0017793594306049821
right guarantee	0.0002541942043721403					family	0.0035587188612099642
name phone number	0.0002541942043721403					let	0.0035587188612099642
register user	0.0005083884087442806					overriding	0.0017793594306049821
base	0.0005083884087442806					activity	0.0035587188612099642
yumobi tekhnolodzhi ooo	0.0002541942043721403					relation	0.0071174377224199285
update tool	0.0002541942043721403					later	0.0035587188612099642
correspond functionality	0.0005083884087442806					instagram	0.0017793594306049821
user preference associate	0.0002541942043721403					learn	0.0035587188612099642
data store	0.0002541942043721403					visit	0.008896797153024912
service offer	0.0002541942043721403					port	0.0017793594306049821
-email-	0.0002541942043721403					recover	0.0017793594306049821
service base	0.0002541942043721403					status	0.0017793594306049821
update policy	0.0002541942043721403					thing	0.0017793594306049821
matter	0.000762582613116421					11	0.0035587188612099642
designate contact	0.0002541942043721403					obligate	0.0035587188612099642
amount	0.0002541942043721403					total	0.0017793594306049821
note	0.0002541942043721403					identity	0.0017793594306049821
portal	0.000762582613116421					important	0.0017793594306049821
processing base	0.0002541942043721403					icbc	0.0017793594306049821
datum use	0.0002541942043721403					allow	0.0071174377224199285
view	0.0002541942043721403					outlet	0.0017793594306049821
reference	0.0002541942043721403					chat	0.0035587188612099642
sns	0.0002541942043721403					imo	0.005338078291814947
address list	0.0002541942043721403					history	0.0035587188612099642
website link list	0.0002541942043721403					limitation	0.0017793594306049821
-emailor	0.0002541942043721403					deactivate	0.005338078291814947
mobile app	0.0002541942043721403					keeper	0.0017793594306049821
follow	0.0002541942043721403					emailclearly	0.0017793594306049821
datum include situation	0.0002541942043721403					security	0.0017793594306049821
retention	0.0020335536349771225					indicate	0.0017793594306049821
behaviour	0.0005083884087442806					homer	0.0017793594306049821
forum	0.0010167768174885613					error	0.005338078291814947
stock	0.0005083884087442806					learning	0.0017793594306049821
storage	0.0010167768174885613					maintain	0.005338078291814947
subject	0.001525165226232842					factual	0.0017793594306049821
id	0.0010167768174885613					guardian	0.0017793594306049821
limit	0.0005083884087442806					official	0.0017793594306049821
objection	0.0005083884087442806					13	0.0035587188612099642
making	0.0005083884087442806					collection	0.0035587188612099642
health	0.0005083884087442806					tantan	0.0017793594306049821
professional	0.0005083884087442806					nickname	0.0017793594306049821
care	0.0002541942043721403					signature	0.0017793594306049821
family	0.0010167768174885613					job	0.0017793594306049821
caregiver	0.0005083884087442806					click	0.005338078291814947
activity	0.0010167768174885613					question	0.005338078291814947
rectify	0.0005083884087442806					left	0.0017793594306049821
port	0.0005083884087442806					clause	0.005338078291814947
status	0.0005083884087442806					approach	0.005338078291814947
imo	0.0010167768174885613					violation	0.0017793594306049821
chat	0.0010167768174885613					consult	0.0017793594306049821
history	0.0010167768174885613					know	0.0017793594306049821
nickname	0.0005083884087442806					medium	0.0017793594306049821
signature	0.0005083884087442806					customize	0.0017793594306049821
job	0.0005083884087442806					correcting	0.0017793594306049821
timeline	0.0005083884087442806					tab	0.0017793594306049821
protection	0.0020335536349771225					emailand	0.0035587188612099642
regulation	0.0005083884087442806					nature	0.0017793594306049821
delivery	0.0005083884087442806					amino	0.0035587188612099642
recipient	0.0005083884087442806					timeline	0.0017793594306049821
partner	0.0010167768174885613					outline	0.0017793594306049821
phone	0.0005083884087442806					assistance	0.0017793594306049821
court	0.0005083884087442806					extent	0.0017793594306049821
establishment	0.001525165226232842					nova	0.0017793594306049821
exercise	0.001525165226232842					geims	0.0017793594306049821
help	0.0005083884087442806					ooo	0.0035587188612099642
personal	0.0010167768174885613					database	0.0017793594306049821
faith	0.0005083884087442806					registered	0.0017793594306049821
function	0.0005083884087442806					eu	0.0017793594306049821
channel	0.0005083884087442806					substantiate	0.0017793594306049821
preference	0.001525165226232842					guarantee	0.0017793594306049821
society	0.0005083884087442806					uber	0.005338078291814947
username	0.0005083884087442806					driver	0.0017793594306049821
password	0.0005083884087442806					requests	0.0017793594306049821
team	0.0010167768174885613					delivery	0.0017793594306049821
advertising	0.0005083884087442806					rider	0.0017793594306049821
holder	0.0005083884087442806					recipient	0.0017793594306049821
plan	0.0005083884087442806					phone	0.0017793594306049821
license	0.0005083884087442806					particular	0.0017793594306049821
add	0.0005083884087442806					override	0.0017793594306049821
web	0.0005083884087442806					limited	0.0035587188612099642
browser	0.0005083884087442806					reque	0.0017793594306049821
location	0.0005083884087442806					aggregate	0.0035587188612099642
tax	0.0005083884087442806					non	0.0035587188612099642
audit	0.0005083884087442806					fide	0.0035587188612099642
accounting	0.0005083884087442806					bona	0.0035587188612099642
fraud	0.0005083884087442806					disclose	0.0017793594306049821
prevention	0.0005083884087442806					reserve	0.0017793594306049821
payment	0.0005083884087442806					preserve	0.0017793594306049821
						court	0.0017793594306049821
						read	0.0017793594306049821
						reasonably	0.0017793594306049821
						interaction	0.0071174377224199285
						fix	0.0035587188612099642
						particularly	0.0035587188612099642
						vary	0.0017793594306049821
						disclaim	0.0017793594306049821
						liability	0.0017793594306049821
						destruction	0.0017793594306049821
						indefinitely	0.0017793594306049821
						arise	0.0017793594306049821
						claim	0.0071174377224199285
						defense	0.005338078291814947
						establishment	0.005338078291814947
						concerned	0.0035587188612099642
						message	0.0017793594306049821
						internal	0.0017793594306049821
						accordingly	0.0035587188612099642
						doubleugames	0.0071174377224199285
						create	0.005338078291814947
						rightful	0.0017793594306049821
						deactivation	0.005338078291814947
						telegram	0.0017793594306049821
						proceed	0.0017793594306049821
						site	0.005338078291814947
						nhn	0.0017793594306049821
						possession	0.0017793594306049821
						faith	0.0017793594306049821
						administrator	0.0017793594306049821
						transparency	0.0017793594306049821
						twitter	0.0035587188612099642
						periscope	0.0017793594306049821
						instruction	0.010676156583629894
						tekhnolodzhi	0.0017793594306049821
						yumobi	0.0017793594306049821
						correspond	0.0035587188612099642
						procedure	0.0017793594306049821
						inaccurately	0.0017793594306049821
						supplementary	0.0017793594306049821
						statement	0.0017793594306049821
						mean	0.0017793594306049821
						example	0.005338078291814947
						active	0.0035587188612099642
						additionally	0.0035587188612099642
						similar	0.0035587188612099642
						function	0.0017793594306049821
						likewise	0.0017793594306049821
						misleading	0.0017793594306049821
						neptune	0.0017793594306049821
						ticket	0.0017793594306049821
						accommodate	0.0017793594306049821
						studio	0.0017793594306049821
						legally	0.0035587188612099642
						channel	0.0017793594306049821
						camel	0.0017793594306049821
						games	0.0035587188612099642
						readable	0.0017793594306049821
						machine	0.0017793594306049821
						unlawful	0.0017793594306049821
						instead	0.0017793594306049821
						preference	0.005338078291814947
						say	0.0017793594306049821
						equivalent	0.0017793594306049821
						portion	0.0035587188612099642
						dingtone	0.0035587188612099642
						longyuan	0.0017793594306049821
						software	0.0017793594306049821
						network	0.0017793594306049821
						duolingo	0.005338078291814947
						present	0.0017793594306049821
						urlto	0.0017793594306049821
						flaregames	0.0035587188612099642
						operation	0.0017793594306049821
						prevent	0.0017793594306049821
						12	0.0017793594306049821
						promptly	0.0017793594306049821
						society	0.0017793594306049821
						blocking	0.0017793594306049821
						exist	0.0035587188612099642
						normally	0.0017793594306049821
						year	0.0017793594306049821
						username	0.0017793594306049821
						password	0.0017793594306049821
						source	0.0017793594306049821
						bdsg	0.0035587188612099642
						35	0.0035587188612099642
						google	0.0035587188612099642
						specific	0.005338078291814947
						notification	0.0017793594306049821
						corresponding	0.0017793594306049821
						grab	0.0017793594306049821
						term	0.0017793594306049821
						accessor	0.0017793594306049821
						applicationsor	0.0017793594306049821
						team	0.0035587188612099642
						link	0.005338078291814947
						corrector	0.0017793594306049821
						huuuge	0.0035587188612099642
						huuugegroup	0.0017793594306049821
						dpo	0.005338078291814947
						matter	0.0017793594306049821
						designate	0.0017793594306049821
						issue	0.0017793594306049821
						sp	0.0017793594306049821
						huuuges	0.0017793594306049821
						mopub	0.0017793594306049821
						minimum	0.0017793594306049821
						live	0.0017793594306049821
						subsidiary	0.0017793594306049821
						primary	0.0017793594306049821
						holder	0.0017793594306049821
						plan	0.0017793594306049821
						state	0.0035587188612099642
						cease	0.0035587188612099642
						license	0.0017793594306049821
						automatically	0.0017793594306049821
						lawfulness	0.0017793594306049821
						withdrawal	0.0017793594306049821
						affect	0.0017793594306049821
						lawful	0.0017793594306049821
						homa	0.0017793594306049821
						death	0.0017793594306049821
						communication	0.0017793594306049821
						rightsyou	0.0017793594306049821
						authorise	0.0017793594306049821
						proper	0.0017793594306049821
						ironhide	0.0017793594306049821
						suspend	0.0017793594306049821
						flash	0.0017793594306049821
						disable	0.0017793594306049821
						browser	0.0017793594306049821
						web	0.0017793594306049821
						manufacturer	0.0017793594306049821
						broad	0.0035587188612099642
						range	0.0035587188612099642
						reference	0.0017793594306049821
						key	0.0017793594306049821
						investigate	0.0017793594306049821
						playdemic	0.0035587188612099642
						play	0.0017793594306049821
						youre	0.0017793594306049821
						tgtg	0.005338078291814947
						choose	0.0035587188612099642
						contract	0.0017793594306049821
						performance	0.0017793594306049821
						generally	0.0017793594306049821
						platform	0.0017793594306049821
						location	0.0017793594306049821
						postal	0.0035587188612099642
						list	0.0035587188612099642
						picsart	0.0017793594306049821
						emailor	0.0017793594306049821
						feasible	0.0017793594306049821
						drawer	0.0017793594306049821
						anonymise	0.0017793594306049821
						credit	0.0017793594306049821
						audit	0.0017793594306049821
						fraud	0.0017793594306049821
						netflix	0.0035587188612099642
						occur	0.0017793594306049821
						payment	0.0017793594306049821
						various	0.0017793594306049821
						rate	0.0017793594306049821
						related	0.0017793594306049821
